1000.0,-2.6899247591267343,-18.859240904047475,-16.789575574961198
2000.0,-2.6899247591267343,-14.264006987021421,-11.200819710760838
3000.0,-0.9946141252934465,-16.74164299060838,-11.71139181837672
4000.0,-0.10592288588813936,-11.379518398556977,-11.979714890556354
5000.0,-0.10592288588813936,-16.479662933511285,-9.420463523423827
6000.0,-0.10592288588813936,-10.37745449077367,-6.02640358655859
7000.0,-0.10592288588813936,-6.894748615260906,-16.94856586406502
8000.0,-0.08873158498172451,-8.696901948709272,-3.4148978698407872
9000.0,0.7473404897202269,-5.4026482245528324,-3.5759609062111126
10000.0,0.7473404897202269,-4.292936002365314,-6.102276557006408
11000.0,0.7473404897202269,-3.202844268894114,-2.534802007803519
12000.0,1.4198380851768888,-2.456021353952383,-1.351385273434571
13000.0,4.865614964542328,-1.749046989349445,-3.1467456884824787
14000.0,4.865614964542328,-1.23666831101451,-0.43424544923822406
15000.0,5.060713248219691,-1.5788983719631509,0.15884903909231066
16000.0,5.653059949201998,-0.2348937872415991,-0.6303806789327066
17000.0,7.85985133126378,-0.11925155989534719,1.3291933864183378
18000.0,9.39286547883821,2.261900194889167,3.140136699159337
19000.0,9.39286547883821,1.2473238940743614,2.396176833674546
20000.0,13.659369821244034,2.952465518122044,1.9630290336805039
21000.0,13.659369821244034,2.7376688800180267,3.9685144599401974
22000.0,13.659369821244034,1.6140824931408861,4.19674963573401
23000.0,13.659369821244034,4.080871017901373,3.3011144207109475
24000.0,13.659369821244034,5.235124707443756,3.9528801314177677
25000.0,17.74524943154392,5.491548418017191,7.091577907575994
26000.0,18.331344946220636,7.172038050433331,9.146688797498353
27000.0,25.75349865851167,7.643483368779125,4.835148293972016
28000.0,25.75349865851167,5.362116295766027,8.852191189986188
29000.0,25.75349865851167,7.1972189777440505,9.738121069122862
30000.0,26.0742166587268,11.379638284023677,10.60764130628551
31000.0,26.0742166587268,9.041412247673433,11.287496899051186
32000.0,30.15861781607964,14.82190744254127,12.752069443520153
33000.0,30.15861781607964,13.591464067741759,11.72079601540288
34000.0,30.15861781607964,14.776006973130137,14.56010845558892
35000.0,30.15861781607964,14.437258819428536,14.405760974934964
36000.0,30.403719542209,17.11685303603357,11.199143365081111
37000.0,30.403719542209,15.35434141810445,15.223645443872377
38000.0,55.701312123317614,16.253661059775183,16.272768697041602
39000.0,55.701312123317614,15.852627201665452,19.323816771963326
40000.0,55.701312123317614,15.356258959787667,20.320301532915614
41000.0,55.701312123317614,20.397418794367695,22.977793094754155
42000.0,55.701312123317614,19.07730453979689,18.592530981404405
43000.0,55.701312123317614,22.730608179434785,24.60759439214337
44000.0,55.701312123317614,17.874741477279024,18.375269477217806
45000.0,55.701312123317614,23.272959584911874,19.0039760861607
46000.0,55.701312123317614,21.25829795563695,19.500622105827787
47000.0,55.701312123317614,25.29138587652662,24.038251143397353
48000.0,55.701312123317614,22.195058660362555,25.534415589385027
49000.0,55.701312123317614,25.159228135001904,22.19224985171867
50000.0,56.98466316846461,27.788532968378423,26.42232854161179
51000.0,56.98466316846461,26.603733069323646,25.483378247379143
52000.0,56.98466316846461,31.347542249700204,26.038072932859656
53000.0,56.98466316846461,27.025849283743884,25.646941759555197
54000.0,56.98466316846461,29.056605700615183,30.752416165643645
55000.0,56.98466316846461,30.035360717780712,38.03780593519101
56000.0,56.98466316846461,34.597936306941264,37.0964331062726
57000.0,57.25919681527011,35.22065380833446,40.39561570860996
58000.0,57.25919681527011,36.45103078156593,35.08561659040683
59000.0,57.25919681527011,28.214215321582742,35.22934366206376
60000.0,57.25919681527011,27.412961306288633,36.44295940382667
61000.0,61.93383785205515,31.674386751985004,44.17851400960673
62000.0,61.93383785205515,37.312073071668856,35.15045600066601
63000.0,61.93383785205515,42.86834251285356,41.197008968091374
64000.0,61.93383785205515,35.787454444870384,32.55367762400359
65000.0,62.11517126160323,44.302356510546375,43.57828531541598
66000.0,67.14515748117553,46.152529876737376,48.36267828203707
67000.0,67.14515748117553,43.20402254114437,41.14416176618775
68000.0,67.14515748117553,42.99625199054368,39.61761644104058
69000.0,67.14515748117553,42.25243810101078,41.137549857815024
70000.0,67.14515748117553,40.66674272186486,40.69290051788323
71000.0,67.14515748117553,38.41995568170911,38.29467518627499
72000.0,68.10758976610379,43.660023464486144,34.22503506124427
73000.0,68.10758976610379,43.440444074084226,44.98937919480901
74000.0,68.10758976610379,42.670939703004834,37.96046997325929
75000.0,68.10758976610379,43.04168447534539,43.67814177260736
76000.0,68.10758976610379,42.6664583809553,48.033437227121325
77000.0,68.10758976610379,43.69613501519096,43.976288543774274
78000.0,68.10758976610379,41.17796293999301,45.30593671926271
79000.0,68.10758976610379,47.47181910160085,43.511978593668005
80000.0,68.10758976610379,41.80860215028355,40.595512658372755
81000.0,76.40869044546996,49.080235661005275,44.52040443040924
82000.0,76.40869044546996,45.4309942506763,44.69789426941658
83000.0,76.40869044546996,45.719801923563644,45.666780864243044
84000.0,76.40869044546996,43.952500959012404,52.12008521382288
85000.0,78.85359197079958,48.27985417846882,49.76813703621648
86000.0,78.85359197079958,45.121544328543834,45.00793413255076
87000.0,78.85359197079958,48.46311868031334,47.96418989150727
88000.0,78.85359197079958,50.39939359881639,49.49026473267846
89000.0,78.85359197079958,51.123031940010264,55.04026742627144
90000.0,125.76102561050944,46.9389746982073,60.383607386410596
91000.0,125.76102561050944,55.676500685582724,47.73648464078346
92000.0,125.76102561050944,48.59480617474925,64.7121251518282
93000.0,125.76102561050944,54.05867693314154,44.34012538209325
94000.0,125.76102561050944,51.13394121730322,71.65812479083425
95000.0,125.76102561050944,52.06533575108057,56.83334596655651
96000.0,125.76102561050944,58.5525166715312,59.44286471576464
97000.0,125.76102561050944,49.43165762577716,58.635528259995034
98000.0,125.76102561050944,53.01237692097974,50.761599836934764
99000.0,125.76102561050944,65.81665606851935,45.857193353132466
100000.0,155.16522284428794,67.93643727379995,36.93501860967547
101000.0,155.16522284428794,62.685001506831746,53.900572644692474
102000.0,155.16522284428794,59.15544909018399,61.251744422695516
103000.0,155.16522284428794,65.55546709479096,57.73383538009885
104000.0,155.16522284428794,59.05196013963564,82.26636895620206
105000.0,235.8475208864823,81.6119881842684,60.608523545588845
106000.0,235.8475208864823,67.68126919340939,61.18859496434975
107000.0,235.8475208864823,56.7956228352255,50.692407144286285
108000.0,235.8475208864823,61.68560218889631,67.17922975472298
109000.0,235.8475208864823,76.8700700709915,76.86025028968028
110000.0,235.8475208864823,58.01239228613239,60.424733568362136
111000.0,235.8475208864823,63.3615992161809,66.40878923227979
112000.0,235.8475208864823,58.943121050398624,83.80382860134716
113000.0,235.8475208864823,67.48944588709783,77.01044358256273
114000.0,235.8475208864823,62.649122507794246,60.22051232671801
115000.0,235.8475208864823,60.59316635434486,61.1884919629333
116000.0,235.8475208864823,71.69516738899779,56.22377582535091
117000.0,235.8475208864823,53.89146473721165,55.3824469434255
118000.0,235.8475208864823,58.01502642828797,59.20255249764598
119000.0,235.8475208864823,64.04544786970058,63.74777041871333
120000.0,235.8475208864823,59.111116374017726,57.98492538509099
121000.0,235.8475208864823,56.952106391282726,55.230689947718645
122000.0,235.8475208864823,61.030483246249936,59.31625627521131
123000.0,235.8475208864823,62.04795417055648,60.02858623802456
124000.0,235.8475208864823,56.572333251950624,57.57670179279288
125000.0,235.8475208864823,59.17064884121369,51.03831918166632
126000.0,235.8475208864823,59.70669061538954,55.069872196729705
127000.0,235.8475208864823,57.050926000494066,62.565002261447376
128000.0,235.8475208864823,66.16079962038437,61.37698301827212
129000.0,235.8475208864823,58.25744590566641,59.44192186711361
130000.0,235.8475208864823,62.73526715431465,66.94449419701851
131000.0,235.8475208864823,63.072040343432754,63.95393134652518
132000.0,235.8475208864823,66.03711602526965,60.00280472279327
133000.0,235.8475208864823,67.97771658432234,57.47037759359226
134000.0,235.8475208864823,65.8169533387273,109.23397792595065
135000.0,235.8475208864823,57.16180668770467,67.69689280440649
136000.0,235.8475208864823,63.04626329503081,53.41110302945308
137000.0,235.8475208864823,63.6840521191436,59.528218869564
138000.0,235.8475208864823,71.71756442122657,52.29786765707771
139000.0,235.8475208864823,64.24452727101989,56.00046651701415
140000.0,235.8475208864823,58.94059765980012,56.62100520875365
141000.0,235.8475208864823,55.54507294005496,64.29696163150803
142000.0,235.8475208864823,60.60827260847276,120.33464359218617
143000.0,235.8475208864823,56.81054377857159,60.93608547223266
144000.0,235.8475208864823,63.51414739559507,64.01401384072615
145000.0,235.8475208864823,56.60460555145735,60.311898672334756
146000.0,235.8475208864823,59.72994242762811,59.40301948263514
147000.0,235.8475208864823,68.70060273273164,59.44204488131773
148000.0,235.8475208864823,61.069513255849316,65.48008891629692
149000.0,235.8475208864823,71.19382992077067,84.6341382718779
150000.0,235.8475208864823,70.74074489043485,62.89171006679477
151000.0,235.8475208864823,64.15928325162736,65.00719053797482
152000.0,235.8475208864823,71.21346940799137,71.7153286131652
153000.0,235.8475208864823,57.9334923041769,71.2757176831242
154000.0,235.8475208864823,62.2537106104751,57.35848922243916
155000.0,235.8475208864823,77.60207955516266,58.73215288259502
156000.0,235.8475208864823,76.51376735371916,54.923072259815584
157000.0,235.8475208864823,72.34100062195634,64.16098649009193
158000.0,235.8475208864823,83.81001036158955,56.76576154857236
159000.0,235.8475208864823,67.01237749494948,102.46865533707162
160000.0,437.1444169921333,93.19279052066149,60.01188756781369
161000.0,437.1444169921333,65.8940441170038,74.41024799431378
162000.0,437.1444169921333,59.78577469151003,55.934749134317386
163000.0,437.1444169921333,69.87315400607172,102.52707306263251
164000.0,437.1444169921333,74.31430795187816,60.618044398204894
165000.0,437.1444169921333,78.05003710928477,72.11616881074681
166000.0,437.1444169921333,67.87155669940155,80.7038427701924
167000.0,437.1444169921333,76.41008212849322,60.248411885935035
168000.0,437.1444169921333,75.39447891471777,66.01949662652831
169000.0,437.1444169921333,70.77381612286321,90.22971462838903
170000.0,437.1444169921333,79.11059406634463,76.4157882819936
171000.0,437.1444169921333,91.94102357118246,80.2052665220795
172000.0,437.1444169921333,73.66838628604526,126.61793168910125
173000.0,437.1444169921333,73.07238572727411,77.80555061969585
174000.0,437.1444169921333,85.04861462588119,68.36430104089202
175000.0,437.1444169921333,65.62185259680993,90.93569843575379
176000.0,437.1444169921333,84.03873424636708,88.49966758758528
177000.0,437.1444169921333,67.21168990969542,114.74555724708833
178000.0,437.1444169921333,77.47288281509172,63.327019411887214
179000.0,437.1444169921333,116.85296469602311,79.49920655962342
180000.0,437.1444169921333,70.97951479612807,64.67700381540223
181000.0,437.1444169921333,77.53970507489998,65.52240607118497
182000.0,437.1444169921333,62.24419816437105,58.20812174850083
183000.0,437.1444169921333,60.864957337396035,109.5159268334781
184000.0,437.1444169921333,93.08956086977355,65.57471397457209
185000.0,437.1444169921333,109.86709672582276,68.29414051473775
186000.0,437.1444169921333,75.417420002632,68.8359013541008
187000.0,437.1444169921333,81.62095423850607,67.76320305127675
188000.0,437.1444169921333,78.4759739571005,68.0489435969118
189000.0,437.1444169921333,84.73959870833905,94.46845438290455
190000.0,437.1444169921333,61.18675892523955,60.92151906851617
191000.0,437.1444169921333,71.20422202779794,61.99911225538383
192000.0,437.1444169921333,61.464779103511695,68.98381965287612
193000.0,437.1444169921333,65.3952639458001,74.34848111580946
194000.0,437.1444169921333,73.46143596648952,71.63943539522761
195000.0,437.1444169921333,60.281740386885794,72.3227537965335
196000.0,437.1444169921333,71.05318983373654,72.74211797441241
197000.0,437.1444169921333,68.33010583343581,65.22978726383008
198000.0,437.1444169921333,69.14981337591773,75.33570689156339
199000.0,437.1444169921333,72.02661657363163,66.95330541398201
200000.0,437.1444169921333,74.98800585444289,66.96323498332843
201000.0,437.1444169921333,63.55282537155015,79.22503221599388
202000.0,437.1444169921333,86.39572886692682,51.85529217273198
203000.0,437.1444169921333,85.39538923799395,56.30378889889835
204000.0,437.1444169921333,61.568070011724046,79.40984378221646
205000.0,437.1444169921333,64.66326699193814,63.6781703787294
206000.0,437.1444169921333,58.14926402277344,63.43511318187143
207000.0,437.1444169921333,63.25802020971488,56.201382557127786
208000.0,437.1444169921333,62.91197380068902,66.47955868186921
209000.0,437.1444169921333,60.96524662961006,53.56035622575583
210000.0,437.1444169921333,63.58855594188208,60.94942190790376
211000.0,437.1444169921333,62.98139782126166,91.29635427640568
212000.0,437.1444169921333,62.504350227631804,68.17015415259337
213000.0,437.1444169921333,67.89756161796831,60.25286373957787
214000.0,437.1444169921333,65.26310229346345,66.78502742217015
215000.0,437.1444169921333,67.04046301953815,76.68359354357753
216000.0,437.1444169921333,65.62816735652814,55.26963540351021
217000.0,437.1444169921333,63.635373554660475,66.76243565585347
218000.0,437.1444169921333,58.04482125107402,83.89485294865266
219000.0,437.1444169921333,61.9273140488498,65.36674800294105
220000.0,437.1444169921333,72.11235108262102,82.97212745416388
221000.0,437.1444169921333,64.5871667595944,59.60925786201169
222000.0,437.1444169921333,66.91034511486345,70.8446279434228
223000.0,437.1444169921333,62.41257484944509,64.68831647931862
224000.0,437.1444169921333,64.21300863884957,63.705363209579424
225000.0,437.1444169921333,83.09152393192562,59.14912317042589
226000.0,437.1444169921333,83.36526947717167,67.88014468353856
227000.0,437.1444169921333,65.1344149313384,83.4961615677323
228000.0,437.1444169921333,80.8184804629204,84.93625890385776
229000.0,437.1444169921333,72.20957223403049,70.57896181329647
230000.0,437.1444169921333,77.64228336451518,69.18744735862651
231000.0,437.1444169921333,74.92301701217497,85.34585178235247
232000.0,437.1444169921333,84.38595524648147,87.82886697653329
233000.0,437.1444169921333,76.37429089261612,77.20397104302594
234000.0,437.1444169921333,76.88528359033111,77.67350430850254
235000.0,437.1444169921333,75.4883279092492,63.245678451305444
236000.0,437.1444169921333,80.50886262845655,71.6916769904739
237000.0,437.1444169921333,87.7016381973613,71.836443319449
238000.0,437.1444169921333,75.18630889264985,102.05792092554219
239000.0,437.1444169921333,78.97981899127801,100.43070165966833
240000.0,437.1444169921333,87.86473842291102,91.99314190106932
241000.0,437.1444169921333,79.172578890976,74.80721661068436
242000.0,437.1444169921333,82.92476976623104,80.62327583390133
243000.0,437.1444169921333,85.53745437094156,85.92591311168309
244000.0,437.1444169921333,98.7235953665523,93.05321728274517
245000.0,437.1444169921333,99.15533945846077,79.09869726019127
246000.0,437.1444169921333,115.25336582367527,108.36823373263182
247000.0,437.1444169921333,100.1197594762211,80.84356936068819
248000.0,437.1444169921333,93.12727585429094,135.76455169487667
249000.0,437.1444169921333,83.62515836878154,130.83430012800278
250000.0,437.1444169921333,94.4711259633579,145.09171710934098
251000.0,437.1444169921333,84.55824873425209,116.1747240740264
252000.0,437.1444169921333,89.26676401624339,85.65869007442761
253000.0,437.1444169921333,91.29073802445359,80.44227214303805
254000.0,437.1444169921333,85.00332144297383,93.42103952576963
255000.0,437.1444169921333,80.41606649205876,75.95478937502868
256000.0,437.1444169921333,81.31623197855077,92.28746069016088
257000.0,437.1444169921333,84.889037617898,89.36961443984032
258000.0,437.1444169921333,79.47408365495241,81.37558177787484
259000.0,437.1444169921333,92.12484472233072,81.35930573309824
260000.0,437.1444169921333,78.21908846986526,74.17853912140944
261000.0,437.1444169921333,88.59588204675573,88.6773547494135
262000.0,437.1444169921333,108.17416186442468,83.16492703052786
263000.0,437.1444169921333,78.8757087016241,85.47206934223185
264000.0,437.1444169921333,83.44551802673405,83.2415060005695
265000.0,437.1444169921333,82.84880884931917,79.22116740404311
266000.0,437.1444169921333,90.1748762142865,70.46737401983431
267000.0,437.1444169921333,80.18677674343999,70.47567449136726
268000.0,437.1444169921333,79.86049335776406,88.47691723382829
269000.0,437.1444169921333,86.1326938390151,91.94252512866653
270000.0,437.1444169921333,75.59000848413605,75.36727326481376
271000.0,437.1444169921333,89.8177516548561,78.39011060793008
272000.0,437.1444169921333,78.52976280547344,95.32780314505833
273000.0,437.1444169921333,83.80823909027954,90.57116618384954
274000.0,437.1444169921333,77.01731559349415,80.45452189832433
275000.0,437.1444169921333,77.9653264736646,92.86468864097348
276000.0,437.1444169921333,86.87184144577566,72.37292454460285
277000.0,437.1444169921333,79.94073967964286,81.62818085215396
278000.0,437.1444169921333,84.63312184107721,90.50156929243397
279000.0,437.1444169921333,83.69087715606105,79.63454084017721
280000.0,437.1444169921333,91.92241187806401,109.63740791375915
281000.0,437.1444169921333,104.59530185360316,83.969572516355
282000.0,437.1444169921333,87.26279956007595,78.60749551530868
283000.0,437.1444169921333,78.54238684483019,84.15488299942544
284000.0,437.1444169921333,85.45916308625134,77.60239028589098
285000.0,437.1444169921333,82.68993074832368,79.4022654640893
286000.0,437.1444169921333,83.16912362363828,71.59342588293546
287000.0,437.1444169921333,83.33764573094172,73.30521550442356
288000.0,437.1444169921333,84.64073455860533,84.00659036148862
289000.0,437.1444169921333,84.28418927654972,78.8470681788211
290000.0,437.1444169921333,83.22092103235029,79.67948415756338
291000.0,437.1444169921333,93.24052619075911,76.61378136897116
292000.0,437.1444169921333,79.91024521080223,88.80096756190613
293000.0,437.1444169921333,89.62379049409225,82.6338102908069
294000.0,437.1444169921333,86.20791739396182,84.41597709889665
295000.0,437.1444169921333,88.2743004732601,115.04550162542787
296000.0,437.1444169921333,86.03705662465131,91.70902243563408
297000.0,437.1444169921333,100.56563482770608,87.03161769383404
298000.0,437.1444169921333,91.56369561492933,91.32007001861416
299000.0,437.1444169921333,92.14152107761488,90.85052642387829
300000.0,437.1444169921333,99.54677804351246,93.53105397573147
301000.0,437.1444169921333,94.34110173161969,82.45446790694176
302000.0,437.1444169921333,109.10191021204767,99.22082959657907
303000.0,437.1444169921333,105.23838895200447,83.74860062464458
304000.0,437.1444169921333,90.87520360134849,94.36625341945535
305000.0,437.1444169921333,93.42189340382407,115.82105170324107
306000.0,437.1444169921333,85.64776763086296,92.65499949137883
307000.0,437.1444169921333,98.59929859013661,80.32730806549546
308000.0,437.1444169921333,83.63263377791925,88.76349318144054
309000.0,437.1444169921333,91.71767278415892,84.86008093349295
310000.0,437.1444169921333,96.61776902082303,100.17281475963053
311000.0,437.1444169921333,79.59033568299243,85.2856758614769
312000.0,437.1444169921333,91.77143459141502,85.78260155883673
313000.0,437.1444169921333,81.15115086117467,112.92579421956057
314000.0,437.1444169921333,84.1426073924567,87.85311630780811
315000.0,437.1444169921333,90.07155440451201,104.29853486573525
316000.0,437.1444169921333,92.62704921759186,80.75520888597464
317000.0,437.1444169921333,85.53207842975752,93.31934724663913
318000.0,437.1444169921333,90.12458319193449,126.99437662241806
319000.0,437.1444169921333,93.55592231719535,106.53936458983522
320000.0,437.1444169921333,94.04446881391355,103.48153713910168
321000.0,437.1444169921333,98.54302677674526,103.45044800335336
322000.0,437.1444169921333,88.40032501290582,99.36250975804765
323000.0,437.1444169921333,93.0628803914071,107.79025215927543
324000.0,437.1444169921333,92.15046620440945,83.55064783866464
325000.0,437.1444169921333,91.70730373919811,90.06111052062825
326000.0,437.1444169921333,89.67559137088057,85.82460360717658
327000.0,437.1444169921333,97.69087107240252,103.05439819055152
328000.0,437.1444169921333,93.93619389963742,83.91135416605154
329000.0,437.1444169921333,92.5971865063731,90.53847096547393
330000.0,437.1444169921333,87.07065401850733,92.97034632181312
331000.0,437.1444169921333,90.27125221272769,102.92529065373597
332000.0,437.1444169921333,88.96231870530102,98.96420900671157
333000.0,437.1444169921333,86.97623592463131,89.7425861876368
334000.0,437.1444169921333,94.96292537154048,81.29958560112922
335000.0,437.1444169921333,94.25116843079232,110.44526007518
336000.0,437.1444169921333,96.69466324100925,81.4559182602001
337000.0,437.1444169921333,102.89742066057065,88.23178253339137
338000.0,437.1444169921333,94.28824534999644,94.63002187409374
339000.0,437.1444169921333,86.27248604374704,90.8809981375845
340000.0,437.1444169921333,95.9192238070206,98.94196030034334
341000.0,437.1444169921333,82.46377782813417,92.78722559461718
342000.0,437.1444169921333,96.67264486601488,83.43270608504737
343000.0,437.1444169921333,98.97120287978177,98.35671632815944
344000.0,437.1444169921333,90.89829592751951,92.41349487158479
345000.0,437.1444169921333,94.32737941141792,85.67307799827368
346000.0,437.1444169921333,94.50345961716462,90.66602222409276
347000.0,437.1444169921333,98.75931053984955,94.23823847285473
348000.0,437.1444169921333,88.18383970908909,85.12869025666969
349000.0,437.1444169921333,106.97679071709327,93.48116307258836
350000.0,437.1444169921333,99.10600231346864,87.0175796057375
351000.0,437.1444169921333,115.64137236140769,91.73421527686229
352000.0,437.1444169921333,102.8133049130025,95.68277240917904
353000.0,437.1444169921333,103.77443332040568,91.12706948571198
354000.0,437.1444169921333,97.18164576205162,111.42357445402533
355000.0,437.1444169921333,107.49956124333694,93.69501479722886
356000.0,437.1444169921333,98.19637693496769,100.98471499419016
357000.0,437.1444169921333,100.26013352593131,99.59624830820066
358000.0,437.1444169921333,108.2638001812907,101.3335942037064
359000.0,437.1444169921333,91.83052006600599,137.87996075542793
360000.0,437.1444169921333,92.2484442053402,110.92687839216387
361000.0,437.1444169921333,90.93278399117175,92.40931762657824
362000.0,437.1444169921333,110.76769121627831,104.6206086937271
363000.0,437.1444169921333,89.61619715700509,103.98106405188491
364000.0,437.1444169921333,117.4424378562278,99.66390652759995
365000.0,437.1444169921333,112.83956605595117,92.29785004913111
366000.0,437.1444169921333,102.89119916546069,108.8598746609614
367000.0,437.1444169921333,113.57565635826018,92.60017945546541
368000.0,437.1444169921333,118.25240955308354,121.87026745847686
369000.0,437.1444169921333,94.90611461440159,116.43802799485452
370000.0,437.1444169921333,102.17062855967947,95.1705515682258
371000.0,437.1444169921333,115.6149755237135,95.88149338915905
372000.0,437.1444169921333,121.87443650199566,120.61325817947363
373000.0,437.1444169921333,95.61054050353182,104.0155939389693
374000.0,437.1444169921333,108.6603686939624,144.6748013013235
375000.0,437.1444169921333,124.28832250499022,127.1780090652087
376000.0,437.1444169921333,121.89452448500288,134.71699940115582
377000.0,437.1444169921333,116.2785742847611,116.53892941091188
378000.0,437.1444169921333,109.01512497718144,105.80261669946087
379000.0,437.1444169921333,114.2036210324557,100.83040657286236
380000.0,437.1444169921333,109.33015268750941,137.3109962410719
381000.0,437.1444169921333,106.69717442560025,127.39139772454571
382000.0,437.1444169921333,117.0965953139441,112.38171285179655
383000.0,437.1444169921333,96.03605367179989,102.29749282857608
384000.0,437.1444169921333,107.70436824478779,99.01425378122941
385000.0,437.1444169921333,106.26382644949874,99.87262294956743
386000.0,437.1444169921333,127.96281646435266,113.71218003369991
387000.0,437.1444169921333,91.78135217042829,129.93390069659281
388000.0,437.1444169921333,100.1586171542063,95.73430429514937
389000.0,437.1444169921333,112.66995333603363,118.20042235411965
390000.0,437.1444169921333,116.32745120118997,104.8653080002775
391000.0,437.1444169921333,135.34041947299278,100.1062332859673
392000.0,437.1444169921333,98.78494352219685,111.72179080796161
393000.0,437.1444169921333,107.89017875768494,126.96690360659292
394000.0,437.1444169921333,110.10263981547803,97.29156506832973
395000.0,437.1444169921333,99.14261776394342,139.09428267523074
396000.0,437.1444169921333,112.99532169365833,83.89259321053223
397000.0,437.1444169921333,110.09575718721052,92.19292491990845
398000.0,437.1444169921333,92.7611070392665,98.65041740222044
399000.0,437.1444169921333,104.10188109077019,120.0067766477384
400000.0,437.1444169921333,104.5932178727408,139.56324169512177
401000.0,437.1444169921333,103.8218545042668,110.89818108430589
402000.0,437.1444169921333,101.12115979835929,95.52899408208988
403000.0,437.1444169921333,95.60052400412636,96.35099735995871
404000.0,437.1444169921333,103.60941037018449,121.16067356549368
405000.0,437.1444169921333,92.92438588648292,113.16691403290626
406000.0,437.1444169921333,123.03178766541137,111.68656478508578
407000.0,437.1444169921333,93.06044789173527,113.8129700720109
408000.0,437.1444169921333,115.08284931750822,162.9432557057165
409000.0,437.1444169921333,135.64373405845393,88.05194719363178
410000.0,437.1444169921333,131.89746275210442,115.77356781605909
411000.0,437.1444169921333,87.70156172679285,128.4438567116061
412000.0,437.1444169921333,101.55230675401849,135.96943783687658
413000.0,437.1444169921333,116.8050691958226,101.01686086788581
414000.0,437.1444169921333,122.92535938301562,123.74223735512132
415000.0,437.1444169921333,99.09109235256155,91.63917574139563
416000.0,437.1444169921333,98.46017777959932,115.51004377920515
417000.0,437.1444169921333,104.5812324645386,105.74551158630736
418000.0,437.1444169921333,97.37630755053223,136.9121496374772
419000.0,437.1444169921333,89.69528123019016,100.59721434117466
420000.0,437.1444169921333,98.62062864523602,111.70303987865748
421000.0,437.1444169921333,98.56877309660834,114.86502472222476
422000.0,437.1444169921333,116.53674407686398,121.44067199611384
423000.0,437.1444169921333,116.00090065296476,108.72496639441783
424000.0,437.1444169921333,95.8085529651407,160.75164213777893
425000.0,437.1444169921333,107.11838017674366,85.00587153568691
426000.0,437.1444169921333,141.09402211640833,121.9788583614278
427000.0,437.1444169921333,117.49347180617045,121.3409884271206
428000.0,437.1444169921333,97.81939085829231,96.38492148025158
429000.0,437.1444169921333,110.40390304149928,98.77778705896631
430000.0,437.1444169921333,109.63478608845426,84.04921380370206
431000.0,437.1444169921333,127.34736322854424,106.25940324247208
432000.0,437.1444169921333,106.76301056236014,110.73321951540774
433000.0,437.1444169921333,102.13107250904287,101.87076248670026
434000.0,437.1444169921333,112.78033481489737,124.19726707109628
435000.0,437.1444169921333,109.55675552195171,109.48421819578599
436000.0,437.1444169921333,111.24888817133846,95.366480206327
437000.0,437.1444169921333,122.41561285156713,116.1103169828455
438000.0,437.1444169921333,126.11751273913032,124.9452166623162
439000.0,437.1444169921333,112.31636087551439,177.79084256870334
440000.0,437.1444169921333,123.22009320676545,121.77003517239845
441000.0,437.1444169921333,94.6687620516951,126.71462731525473
442000.0,437.1444169921333,108.09374912872447,118.12012138682216
443000.0,437.1444169921333,119.75736140073113,112.74458998240758
444000.0,437.1444169921333,143.55429678938683,139.27713749590313
445000.0,437.1444169921333,155.66436827723652,134.47466633584463
446000.0,437.1444169921333,125.79619421984125,106.23708042463083
447000.0,437.1444169921333,111.15046621397505,166.0020204959613
448000.0,437.1444169921333,114.80866459988859,101.8632333909825
449000.0,437.1444169921333,97.82531732731499,115.18007524194113
450000.0,437.1444169921333,117.39169508294155,125.20221753963176
451000.0,437.1444169921333,132.13643182044862,85.31974673692284
452000.0,437.1444169921333,134.65245576099375,125.87717880856226
453000.0,437.1444169921333,118.36312066176413,105.38312107519513
454000.0,437.1444169921333,121.0117778279568,160.51513563763393
455000.0,437.1444169921333,135.08410188886623,148.7759807371029
456000.0,437.1444169921333,109.80671653671016,138.1900023021713
457000.0,437.1444169921333,115.79391911842905,131.36371470631258
458000.0,437.1444169921333,122.24457395308984,109.46739565573607
459000.0,437.1444169921333,114.84829899142002,122.70269207918811
460000.0,437.1444169921333,119.10233507909795,153.91611806947984
461000.0,437.1444169921333,121.13710326969115,183.46944281674405
462000.0,437.1444169921333,141.71997835823362,182.6693881810938
463000.0,437.1444169921333,154.45603743426733,142.02826466284935
464000.0,437.1444169921333,139.85829700390343,128.5884291355398
465000.0,437.1444169921333,142.23876413154576,155.46391162641072
466000.0,437.1444169921333,149.88634796754633,174.9242603363866
467000.0,437.1444169921333,155.0954987966664,140.01632419311974
468000.0,437.1444169921333,160.0701499614987,162.61919288495594
469000.0,437.1444169921333,157.06198734052364,166.1692072284182
470000.0,437.1444169921333,133.48581394045874,166.36804048163182
471000.0,437.1444169921333,148.47154174268096,197.95018954155267
472000.0,437.1444169921333,144.70665795851008,168.05591039586227
473000.0,437.1444169921333,165.3465709967319,137.91832965307384
474000.0,437.1444169921333,151.98623462212822,138.02159063945558
475000.0,437.1444169921333,148.82062802003304,140.11080476120634
476000.0,437.1444169921333,132.89037096746551,186.96598144866093
477000.0,437.1444169921333,120.34014993565461,144.63209005348904
478000.0,437.1444169921333,138.2633615881603,87.65510838000397
479000.0,437.1444169921333,131.44963416120518,125.43699111329902
480000.0,437.1444169921333,129.1301323736967,130.69869631221468
481000.0,437.1444169921333,132.0458306357554,212.75230092851467
482000.0,437.1444169921333,121.1449574014661,128.5454028419203
483000.0,437.1444169921333,147.57253280644886,135.38626638924654
484000.0,437.1444169921333,151.42177751510218,196.21617601164388
485000.0,437.1444169921333,138.6895632471331,155.40542191421065
486000.0,437.1444169921333,155.11296212863095,186.2810071638864
487000.0,437.1444169921333,175.85794402554532,90.57257925341344
488000.0,437.1444169921333,169.63392472321925,138.26678262878937
489000.0,437.1444169921333,131.05585677956623,139.85711527193865
490000.0,437.1444169921333,105.17999146765449,101.97832707240771
491000.0,437.1444169921333,127.95370579621738,127.67639910317219
492000.0,437.1444169921333,111.39563242896824,171.75996874664307
493000.0,437.1444169921333,141.68315175676352,182.21052690290318
494000.0,437.1444169921333,169.93858744520344,104.43144532824927
495000.0,437.1444169921333,155.50245763327726,146.42746242623912
496000.0,437.1444169921333,145.16611135820014,121.79035307189352
497000.0,437.1444169921333,137.92941347671962,166.48755255855158
498000.0,437.1444169921333,161.07822293642704,195.31864634071698
499000.0,437.1444169921333,153.34234630058785,184.37948703134418
500000.0,437.1444169921333,147.33200782743148,176.531701140042
501000.0,437.1444169921333,149.4481147887846,121.96723756518368
502000.0,437.1444169921333,118.5303979929458,119.22181398855147
503000.0,437.1444169921333,119.45187259221146,163.1751980788833
504000.0,437.1444169921333,111.53525191020601,139.7832789667422
505000.0,437.1444169921333,131.08795942961632,80.60805401746596
506000.0,437.1444169921333,139.25931304305664,168.55219499970553
507000.0,437.1444169921333,158.36329054615436,112.03525284717202
508000.0,437.1444169921333,160.86253401332593,95.78076684795204
509000.0,437.1444169921333,155.9372065356662,125.18942868175593
510000.0,437.1444169921333,122.12591137195575,115.01329903523965
511000.0,437.1444169921333,121.06030377409016,111.3988576382854
512000.0,437.1444169921333,105.23155845540984,111.12254495339917
513000.0,437.1444169921333,93.07854370632587,118.50978657967148
514000.0,437.1444169921333,129.69101212349793,114.48133720234019
515000.0,437.1444169921333,145.98467207548342,99.52678654722756
516000.0,437.1444169921333,139.39216738932583,122.02650049872814
517000.0,437.1444169921333,144.0541207112285,152.1317390537777
518000.0,437.1444169921333,153.13521108107716,98.34895726605899
519000.0,437.1444169921333,167.0079446044662,144.53306665543835
520000.0,437.1444169921333,172.5476125428948,176.39887883953813
521000.0,437.1444169921333,140.16436292407576,117.55438694187426
522000.0,437.1444169921333,111.70246334489795,103.49510773304993
523000.0,437.1444169921333,123.71284683991516,135.47851943234178
524000.0,437.1444169921333,125.71805461602898,122.4137346818037
525000.0,437.1444169921333,147.52661643918486,151.30942679516727
526000.0,437.1444169921333,127.5603658448819,215.13908145891523
527000.0,437.1444169921333,125.17171434137795,152.5872557219132
528000.0,437.1444169921333,136.33782524998736,166.2031486441052
529000.0,437.1444169921333,141.52191618645594,160.9375099073029
530000.0,437.1444169921333,132.23132717879184,165.8039708514307
531000.0,437.1444169921333,148.00903415646144,122.07268525261695
532000.0,437.1444169921333,156.83806400886388,205.65276150778664
533000.0,437.1444169921333,149.09462748502148,117.75592273075105
534000.0,437.1444169921333,91.9547192712684,189.65235773638827
535000.0,437.1444169921333,95.57987622735848,113.55995450856066
536000.0,437.1444169921333,130.65026086193114,140.3120930355314
537000.0,437.1444169921333,162.0476102930888,91.68991149676292
538000.0,437.1444169921333,148.47641580394412,120.33524187585563
539000.0,437.1444169921333,134.32937556262766,121.78935041165289
540000.0,437.1444169921333,135.17375348542714,194.74988775201038
541000.0,437.1444169921333,128.62838973191816,248.40947553318887
542000.0,437.1444169921333,110.73644733914611,104.21711320399815
543000.0,437.1444169921333,93.38199878708195,125.36849047643227
544000.0,437.1444169921333,104.51353974201456,148.06342886959627
545000.0,437.1444169921333,137.4739965569998,97.88451201990858
546000.0,437.1444169921333,109.8133631928898,155.76580367596142
547000.0,437.1444169921333,123.2096766261474,120.84182203064957
548000.0,437.1444169921333,122.68688596439983,87.32843652884648
549000.0,437.1444169921333,110.00622949943325,133.712392887705
550000.0,437.1444169921333,111.10678174640357,196.59835452218985
551000.0,437.1444169921333,105.81276530145085,123.55843349249032
552000.0,437.1444169921333,146.73578099872958,185.86991195763008
553000.0,437.1444169921333,164.96485409013616,139.46516326767545
554000.0,437.1444169921333,189.47692136165804,113.09378374092402
555000.0,437.1444169921333,180.80737477102062,123.64403157504924
556000.0,437.1444169921333,114.23043147385559,141.60253671192052
557000.0,437.1444169921333,105.05891146396925,205.17246219031654
558000.0,437.1444169921333,129.59238636869458,99.50730114811012
559000.0,437.1444169921333,145.41869670071986,124.17050185416765
560000.0,437.1444169921333,121.79616845202108,110.75064853289223
561000.0,437.1444169921333,91.46364821418538,231.71857988008887
562000.0,437.1444169921333,91.12959935411273,101.54049530289194
563000.0,437.1444169921333,108.75521232458911,157.02595462499443
564000.0,437.1444169921333,118.57540130941781,129.1721083106388
565000.0,437.1444169921333,112.90586389511853,146.15808565711203
566000.0,437.1444169921333,141.72540380708483,142.11502477828822
567000.0,437.1444169921333,125.00037384060806,230.8384242561405
568000.0,437.1444169921333,124.61961704067669,222.2623932465448
569000.0,437.1444169921333,157.64632661742158,161.55703203573455
570000.0,437.1444169921333,162.39097634697742,215.2143179238445
571000.0,437.1444169921333,179.50226218545885,169.1562660406443
572000.0,437.1444169921333,180.8925441975312,120.45374393644904
573000.0,437.1444169921333,154.67514181071468,194.64499616373573
574000.0,437.1444169921333,158.35763010264765,163.5491591999841
575000.0,437.1444169921333,169.92042744418376,209.40553422573203
576000.0,437.1444169921333,158.65704123895304,145.6791557703844
577000.0,437.1444169921333,170.9548863049116,164.7099512910295
578000.0,437.1444169921333,203.2744913872611,188.3845180918608
579000.0,437.1444169921333,181.72887463104274,129.1721287935946
580000.0,437.1444169921333,144.1370018952963,256.0342418188427
581000.0,437.1444169921333,156.90082077720564,212.73294334575286
582000.0,437.1444169921333,188.86849847822182,151.1856104189623
583000.0,437.1444169921333,211.8747384485267,231.6331272223386
584000.0,437.1444169921333,242.27435080851455,176.63077552408532
585000.0,437.1444169921333,220.1708047368862,158.85469429970308
586000.0,437.1444169921333,227.91198862423477,139.2581408415482
587000.0,437.1444169921333,245.5044799680201,199.93513276937887
588000.0,437.1444169921333,252.71455198444596,244.53973641863104
589000.0,437.1444169921333,244.54411720983347,227.11864557688264
590000.0,437.1444169921333,262.9932952331888,272.23912178580474
591000.0,437.1444169921333,235.36054618878907,328.0218337029652
592000.0,454.19498952025447,231.94615287591182,203.6395962246982
593000.0,454.19498952025447,226.00136547569687,273.9727087666912
594000.0,454.19498952025447,208.31877125706538,178.12815098841887
595000.0,454.19498952025447,191.32614591006092,245.3117344843784
596000.0,454.19498952025447,209.23606099769466,198.15423993251463
597000.0,454.19498952025447,179.8438156833081,202.25420385357796
598000.0,454.19498952025447,150.59739123844105,246.82525623981238
599000.0,454.19498952025447,180.2411758436369,197.62068016588802
600000.0,454.19498952025447,203.49809027882233,210.30069373614964
601000.0,454.19498952025447,223.63634777639967,284.265364799762
602000.0,454.19498952025447,219.3826397339406,234.55856318323399
603000.0,454.19498952025447,196.9505457077609,173.77100183467275
604000.0,454.19498952025447,214.26314048911522,347.8376651780226
605000.0,454.19498952025447,201.64214655413872,197.8497804214182
606000.0,454.19498952025447,207.9580754126123,202.3552405107997
607000.0,454.19498952025447,217.46511459170816,219.89017641796363
608000.0,454.19498952025447,231.59600498006074,297.80989964401397
609000.0,454.19498952025447,219.5459973028595,329.78175372523486
610000.0,454.19498952025447,210.3224158664209,257.59040394348546
611000.0,454.19498952025447,209.15440486639076,137.90579971023794
612000.0,454.19498952025447,220.92029419955355,174.7264791058007
613000.0,454.19498952025447,219.9261454424897,220.91789633114075
614000.0,454.19498952025447,219.2352185939671,224.8638832826179
615000.0,454.19498952025447,242.6783243765554,208.82107089905767
616000.0,454.19498952025447,222.77271741049375,205.98289666254715
617000.0,454.19498952025447,198.26747566089688,226.9940847400644
618000.0,454.19498952025447,199.10086392656723,269.889287172452
619000.0,454.19498952025447,163.85276250392855,267.74120140827966
620000.0,454.19498952025447,198.0513064140442,252.45300550805942
621000.0,454.19498952025447,214.68046924326637,291.8332747155274
622000.0,454.19498952025447,221.48819771836025,258.0983779098657
623000.0,454.19498952025447,272.23000891782783,327.39557425117204
624000.0,454.19498952025447,297.36418594493074,270.56910491260317
625000.0,454.19498952025447,297.3237863132692,133.0294641558344
626000.0,454.19498952025447,296.40737544398723,176.69307958313723
627000.0,454.19498952025447,309.2849652922503,284.53408596670454
628000.0,454.19498952025447,250.45108395877728,338.8689874726507
629000.0,454.19498952025447,195.8353364394202,229.16902386532502
630000.0,454.19498952025447,172.98368127685464,260.55459656316555
631000.0,454.19498952025447,199.65653701461343,194.68240085802034
632000.0,503.20049499232664,239.49887820799177,303.46964956176396
633000.0,503.20049499232664,255.1251459294508,215.24692354986323
634000.0,503.20049499232664,257.84591636456616,295.08137861844796
635000.0,503.20049499232664,276.2499678145759,276.0282123271244
636000.0,503.20049499232664,258.67926335441086,384.4760532991239
637000.0,503.20049499232664,259.49867322757245,245.9895351170394
638000.0,503.20049499232664,295.7463793797778,344.2930963411972
639000.0,503.20049499232664,317.90554403231465,295.95376474960153
640000.0,503.20049499232664,325.8155966800108,257.58040849573285
641000.0,503.20049499232664,265.1703174360239,199.65921688322857
642000.0,503.20049499232664,280.6586171612046,333.80332474576926
643000.0,503.20049499232664,256.14010870286364,345.15669534911837
644000.0,503.20049499232664,227.2183479162249,245.2154542140337
645000.0,503.20049499232664,240.44286695196942,228.20354503562007
646000.0,503.20049499232664,232.70435610749306,302.1366679481894
647000.0,503.20049499232664,239.64762314569876,386.13220402644987
648000.0,503.20049499232664,267.6777964611177,307.5492200123503
649000.0,503.20049499232664,233.39797838364294,307.9326956521637
650000.0,503.20049499232664,230.75420688644164,330.46848858643125
651000.0,607.1259786613751,250.2214619872355,254.27190892071047
652000.0,607.1259786613751,246.20339529491412,346.8014551269577
653000.0,607.1259786613751,270.8476055392413,317.796402739944
654000.0,607.1259786613751,215.46097596335613,357.490516035583
655000.0,607.1259786613751,196.59542536666984,318.5155498705687
656000.0,607.1259786613751,209.4234990997939,265.5083454970283
657000.0,607.1259786613751,178.11706986015213,254.40666020046243
658000.0,607.1259786613751,199.96976130250658,272.79453559636215
659000.0,607.1259786613751,252.40504092373172,295.70370100928903
660000.0,607.1259786613751,265.70689134777905,376.723966173736
661000.0,607.1259786613751,308.3318106694836,394.8948142213314
662000.0,607.1259786613751,325.54869055223986,252.05561352434216
663000.0,607.1259786613751,288.22372610821304,398.5982865658515
664000.0,607.1259786613751,165.08958847251898,193.41923901524746
665000.0,607.1259786613751,213.9169276145608,345.75680877824465
666000.0,607.1259786613751,248.83565483616525,111.28878170168937
667000.0,607.1259786613751,249.07183366248955,304.34291107349947
668000.0,607.1259786613751,273.18024113495153,393.02893105906196
669000.0,607.1259786613751,305.0104457831788,221.11567831485635
670000.0,607.1259786613751,268.4605139005804,132.96661019393875
671000.0,607.1259786613751,214.978707031542,95.14049231828764
672000.0,607.1259786613751,211.5366750789793,230.40249519381922
673000.0,607.1259786613751,242.06803799753033,143.86797994435727
674000.0,607.1259786613751,226.37558502194003,253.05068385169153
675000.0,607.1259786613751,242.93848356186817,168.3157799623573
676000.0,607.1259786613751,235.96211094355849,236.10120187975934
677000.0,607.1259786613751,223.57499561163118,329.7575424603303
678000.0,607.1259786613751,231.0741297123207,244.1027480713405
679000.0,607.1259786613751,160.73473365058047,201.11633235652383
680000.0,607.1259786613751,189.91251733988784,258.5247032306729
681000.0,607.1259786613751,184.32537701222006,422.0102257824045
682000.0,607.1259786613751,219.27753725765086,211.9364019361485
683000.0,607.1259786613751,232.5821968399473,381.50216181134766
684000.0,607.1259786613751,238.18835950556573,304.98357011043925
685000.0,607.1259786613751,259.62114105475683,310.992072773349
686000.0,607.1259786613751,227.8545890897213,318.39236316439576
687000.0,607.1259786613751,185.60814830256754,456.899290347906
688000.0,607.1259786613751,187.6326691543715,345.348213503661
689000.0,607.1259786613751,192.8339343926769,452.1802710617603
690000.0,607.1259786613751,157.5303820776283,283.55747376046463
691000.0,607.1259786613751,142.1253126939971,263.9363806040859
692000.0,607.1259786613751,176.51250025878883,162.53169457285784
693000.0,607.1259786613751,183.0904256219985,189.98814223733078
694000.0,607.1259786613751,178.72021030657592,136.8768556235107
695000.0,607.1259786613751,192.05199950964152,202.51144775681033
696000.0,607.1259786613751,201.73460152278165,97.4483458027654
697000.0,607.1259786613751,209.6669621052567,166.52434432892747
698000.0,607.1259786613751,225.64611504453774,280.95432336296255
699000.0,607.1259786613751,254.5086645851634,161.1581153161541
700000.0,607.1259786613751,244.36408210774965,141.74704020808875
701000.0,607.1259786613751,156.79905203315457,178.426857397342
702000.0,607.1259786613751,162.89991792787913,114.54874846631826
703000.0,607.1259786613751,171.14824782866708,109.93523723985261
704000.0,607.1259786613751,215.5743965924285,192.60771454368904
705000.0,607.1259786613751,203.8101619557106,220.71791048368004
706000.0,607.1259786613751,203.26617935300456,243.82939916073397
707000.0,607.1259786613751,156.03080603172435,331.1318669130406
708000.0,607.1259786613751,165.46228050804348,181.4435143032852
709000.0,607.1259786613751,209.15272603642137,184.70144391080353
710000.0,607.1259786613751,209.44272681744147,395.3165642568223
711000.0,607.1259786613751,220.92223820268254,115.63185505828191
712000.0,607.1259786613751,232.02035128131047,162.10998144939856
713000.0,607.1259786613751,242.8458816588631,377.74355494508603
714000.0,607.1259786613751,208.21612823142954,423.5881251687997
715000.0,607.1259786613751,216.11943217599264,205.03599544105418
716000.0,607.1259786613751,222.75852944798908,127.10093629575212
717000.0,607.1259786613751,203.21962287406137,244.89646995949812
718000.0,607.1259786613751,180.67999816240007,153.11719198591268
719000.0,607.1259786613751,210.1363554618396,383.41274086475033
720000.0,607.1259786613751,219.43034770344576,308.10449029763583
721000.0,607.1259786613751,253.04810876469145,288.82793476629683
722000.0,607.1259786613751,276.2229789605543,258.9066709878631
723000.0,630.0039056065889,335.78791174216155,97.32515041871366
724000.0,630.0039056065889,360.29519089252074,265.58834932516646
725000.0,630.0039056065889,368.0370902610263,286.24278635243047
726000.0,630.0039056065889,373.88227870732544,271.8644692855975
727000.0,630.0039056065889,363.7044594051516,166.60640964143198
728000.0,630.0039056065889,255.9401861713132,220.2548961707238
729000.0,630.0039056065889,257.34196000061536,343.7880743926966
730000.0,630.0039056065889,301.09510759951934,314.2439562614117
731000.0,655.953694084965,315.0493858413438,158.23352581862562
732000.0,655.953694084965,366.3233162626005,375.99875611131085
733000.0,655.953694084965,323.048047217979,245.86656120091
734000.0,655.953694084965,310.20610821956376,252.6929114587437
735000.0,655.953694084965,252.20547534615426,94.53516082832517
736000.0,655.953694084965,239.45689410507967,351.412236913148
737000.0,655.953694084965,232.8565456870218,161.20344080539664
738000.0,655.953694084965,247.96896468279138,292.65232805287235
739000.0,655.953694084965,246.2399127593735,253.55717208684337
740000.0,655.953694084965,239.9618821835457,361.2308535031507
741000.0,655.953694084965,196.911668715565,224.8795414114617
742000.0,655.953694084965,213.8041565783974,259.8520708496447
743000.0,655.953694084965,221.26976411934984,181.19049260385583
744000.0,655.953694084965,187.65425462797708,278.8306334880588
745000.0,655.953694084965,173.00955220254582,385.5718745071749
746000.0,655.953694084965,176.534350279972,189.4396464189812
747000.0,655.953694084965,176.94476342754712,356.1216913777226
748000.0,655.953694084965,184.81658040304455,170.27332953483324
749000.0,655.953694084965,177.76275716676707,275.7445969626824
750000.0,655.953694084965,209.12379548276,250.60867322032328
751000.0,655.953694084965,179.55119383119876,148.92213391752537
752000.0,655.953694084965,154.10628042763204,114.72159764189443
753000.0,655.953694084965,167.64939348590866,248.10632118532249
754000.0,655.953694084965,166.37637858259419,245.59381330753064
755000.0,655.953694084965,135.8658438561883,390.7194376900415
756000.0,655.953694084965,170.70664692383667,216.32649256077008
757000.0,655.953694084965,197.03200587965446,200.26893726820032
758000.0,655.953694084965,167.97988489326949,265.10431069660245
759000.0,655.953694084965,110.07167166098687,366.62642283630515
760000.0,655.953694084965,145.36418880415013,307.59327038895833
761000.0,655.953694084965,177.75974802620894,195.92730904592014
762000.0,655.953694084965,210.09291670456568,92.12587566274222
763000.0,655.953694084965,231.53695225779143,291.0196680527113
764000.0,655.953694084965,255.53098005804577,322.47509849218477
765000.0,655.953694084965,180.8021413107444,385.85667100037784
766000.0,655.953694084965,116.89264602575365,193.4406780183619
767000.0,655.953694084965,151.38866259359511,328.4158561210876
768000.0,655.953694084965,83.71115300915042,381.6586379639082
769000.0,655.953694084965,110.16901238023115,121.93387116747276
770000.0,655.953694084965,149.93673249329467,214.27772345007233
771000.0,655.953694084965,165.06150403043603,103.73633467130071
772000.0,655.953694084965,157.78038664761692,223.58901411654023
773000.0,655.953694084965,142.50721381502848,107.76748886704472
774000.0,655.953694084965,127.22765568981177,87.13408140400477
775000.0,655.953694084965,113.57551340775929,185.1890823915539
776000.0,655.953694084965,85.97308619385656,194.65385398123516
777000.0,655.953694084965,95.39332314504398,176.76514749096663
778000.0,655.953694084965,133.3142965781239,135.77654381783046
779000.0,655.953694084965,106.35896525515868,146.15896964439136
780000.0,655.953694084965,131.40367431508986,157.0721442122373
781000.0,655.953694084965,166.3304568636999,138.36610302667853
782000.0,655.953694084965,149.9065249232092,147.67251482038972
783000.0,655.953694084965,145.31745391393093,176.8044536023204
784000.0,655.953694084965,149.7607716581226,137.52829408133857
785000.0,655.953694084965,171.8885109060255,189.95374962504164
786000.0,655.953694084965,162.30534473859024,143.66165224965704
787000.0,655.953694084965,132.9935146913415,155.95524902633127
788000.0,655.953694084965,131.81898955998855,100.89229875894029
789000.0,655.953694084965,121.93974019254264,204.93135708025815
790000.0,655.953694084965,81.94803655205861,173.08012000220216
791000.0,655.953694084965,106.91082925203868,146.25145936417098
792000.0,655.953694084965,83.62531577525121,159.3776778098062
793000.0,655.953694084965,102.68339488873679,118.08646533652768
794000.0,655.953694084965,144.2023075729228,115.59789609486552
795000.0,655.953694084965,140.1068905836548,102.69623315461499
796000.0,655.953694084965,176.38584775556427,103.53748425135097
797000.0,655.953694084965,137.84439917179395,93.0147387957235
798000.0,655.953694084965,132.17841469169434,167.60554490900444
799000.0,655.953694084965,129.08329143562617,244.28845454011963
800000.0,655.953694084965,172.3605807550912,160.29393485092044
801000.0,655.953694084965,184.9046471002443,103.39418627973183
802000.0,655.953694084965,229.42890687384448,193.43895876339337
803000.0,655.953694084965,215.7901128881221,210.529368163972
804000.0,655.953694084965,133.20835191992018,189.6697063388212
805000.0,655.953694084965,144.1075263030414,157.28722962803428
806000.0,655.953694084965,147.40468756136167,170.32124698903064
807000.0,655.953694084965,181.7686544535039,159.20865672074422
808000.0,655.953694084965,163.85812338891674,254.76098977875185
809000.0,655.953694084965,164.37882569524456,120.81605355477457
810000.0,655.953694084965,162.490480609394,105.20179902645775
811000.0,655.953694084965,133.8898489336917,176.74172778521128
812000.0,655.953694084965,108.44652973204968,150.5669197056303
813000.0,655.953694084965,111.56050268450447,103.1059584786954
814000.0,655.953694084965,104.2734147339381,330.4995598508782
815000.0,655.953694084965,117.00584454396389,189.648846258908
816000.0,655.953694084965,145.30053300605988,253.85295815233044
817000.0,655.953694084965,186.73937963944428,205.57571997711676
818000.0,657.0955687050704,241.08297439495522,117.61834007203602
819000.0,657.0955687050704,261.5660267837718,371.14438686093473
820000.0,657.0955687050704,222.25022967770937,304.36926299735296
821000.0,657.0955687050704,165.43538376104323,214.88628302966123
822000.0,657.0955687050704,205.30639645279211,138.0417589624846
823000.0,657.0955687050704,205.03824200835703,108.19638666513433
824000.0,657.0955687050704,189.33686284114268,200.44092145209783
825000.0,657.0955687050704,152.4289811131861,198.4198503869035
826000.0,657.0955687050704,150.0055487438693,256.0335254748378
827000.0,657.0955687050704,128.004211262723,165.65034752668993
828000.0,657.0955687050704,161.51835017021943,181.1231599779263
829000.0,657.0955687050704,164.14860629133847,171.07728484529164
830000.0,657.0955687050704,136.7610878630274,109.96376350312751
831000.0,657.0955687050704,144.00970115822088,100.49158109902669
832000.0,657.0955687050704,105.67643927762518,105.13772318931771
833000.0,657.0955687050704,127.19148430280066,203.58902489637282
834000.0,657.0955687050704,154.04534304843202,93.69649570385165
835000.0,657.0955687050704,129.4386844264398,175.20049641715718
836000.0,657.0955687050704,136.38157732900842,101.12002293333293
837000.0,657.0955687050704,142.7096931336711,105.9528115568813
838000.0,657.0955687050704,105.24753840434221,97.94269785132087
839000.0,657.0955687050704,134.7729478138526,206.76571720362327
840000.0,657.0955687050704,136.8822355122491,204.4539724713054
841000.0,657.0955687050704,140.5438569702273,102.33481408109053
842000.0,657.0955687050704,105.67289657760864,103.79316321000218
843000.0,657.0955687050704,117.19295364754171,114.48386555354045
844000.0,657.0955687050704,102.49850212529634,203.73224401241015
845000.0,657.0955687050704,136.32475816097377,266.0384148293314
846000.0,657.0955687050704,167.6247092897752,337.64279434041725
847000.0,657.0955687050704,138.17503442658182,169.47849894560667
848000.0,657.0955687050704,156.94568384695873,93.64483987872492
849000.0,657.0955687050704,210.45857037381884,96.74473020119686
850000.0,657.0955687050704,214.0243824736,112.58021747927612
851000.0,657.0955687050704,258.63288615770017,221.25466966073049
852000.0,657.0955687050704,200.39284811944862,198.33491240107236
853000.0,657.0955687050704,235.8520434749732,105.68144292246924
854000.0,657.0955687050704,157.4508069872337,209.29705036389305
855000.0,657.0955687050704,123.1753122298478,102.23434375026463
856000.0,657.0955687050704,106.58813081805097,257.32402162785155
857000.0,657.0955687050704,111.20347122987747,102.15867032286943
858000.0,657.0955687050704,150.45835165520998,301.39865437475925
859000.0,657.0955687050704,107.27260763371814,103.78274568679458
860000.0,657.0955687050704,108.25859992159909,198.61406033349053
861000.0,657.0955687050704,107.87634455885447,109.3471287044636
862000.0,657.0955687050704,113.12173269328164,105.96354014075307
863000.0,657.0955687050704,106.34832265303847,125.92484282730102
864000.0,657.0955687050704,101.97045219675287,202.35699962422103
865000.0,657.0955687050704,128.41866732362752,101.41551004784887
866000.0,657.0955687050704,157.256290490448,105.75393269031258
867000.0,657.0955687050704,101.68340036127165,220.3858483125423
868000.0,657.0955687050704,107.18348570518151,189.934657966604
869000.0,657.0955687050704,107.02223322283143,226.53799516747273
870000.0,657.0955687050704,110.88751419799652,120.8219758355259
871000.0,657.0955687050704,126.81874583791709,97.66571429764622
872000.0,657.0955687050704,117.53750544468855,282.8975581751176
873000.0,657.0955687050704,143.549681958896,98.1702945017527
874000.0,657.0955687050704,143.51091446536347,108.91202795382996
875000.0,657.0955687050704,140.10000040407857,163.06707892276432
876000.0,657.0955687050704,143.59026415456293,167.45312554825523
877000.0,657.0955687050704,104.81911799101275,198.5007103461657
878000.0,657.0955687050704,142.2442367063058,163.09101189007453
879000.0,657.0955687050704,176.7997383058394,109.67268592793182
880000.0,657.0955687050704,108.49117123713442,96.66253185782409
881000.0,657.0955687050704,143.84457385439325,110.30672272199251
882000.0,657.0955687050704,189.47972993341327,202.5328897733384
883000.0,657.0955687050704,241.61003669315,197.47528886660172
884000.0,657.0955687050704,268.351280453344,210.1168222522555
885000.0,657.0955687050704,232.30827416057497,213.36342523810563
886000.0,657.0955687050704,188.99378754467517,179.21983446779115
887000.0,657.0955687050704,168.12488256198543,225.71542614101196
888000.0,657.0955687050704,162.44547581550867,111.38296358702976
889000.0,657.0955687050704,159.3783425671887,234.38341814022388
890000.0,657.0955687050704,203.84948528996975,359.418695310979
891000.0,657.0955687050704,209.2664155785933,172.29033406684766
892000.0,657.0955687050704,216.40465302556487,173.67135816444573
893000.0,657.0955687050704,258.14391023078673,102.25968010658337
894000.0,657.0955687050704,182.57811802783843,121.6125550578211
895000.0,657.0955687050704,232.7714368538863,189.14957631776346
896000.0,657.0955687050704,139.38554406928958,249.1035143618616
897000.0,657.0955687050704,139.4928614876863,214.0105755970982
898000.0,657.0955687050704,181.16801036105366,187.9102177207409
899000.0,657.0955687050704,222.33859600585538,203.2972364812322
900000.0,657.0955687050704,173.68075424670727,149.727896026006
901000.0,657.0955687050704,122.28781655044773,212.2346593171419
902000.0,657.0955687050704,153.96080467261615,189.0821322095599
903000.0,657.0955687050704,157.6409882978092,91.21169499244776
904000.0,657.0955687050704,163.32725689006332,106.11790828465647
905000.0,657.0955687050704,158.16805880869376,170.58185035252274
906000.0,657.0955687050704,85.19620413673138,193.07023777672367
907000.0,657.0955687050704,95.03243081235036,106.55160307112071
908000.0,657.0955687050704,134.71150673915923,200.6277827108185
909000.0,657.0955687050704,142.80207566343014,320.60374391450506
910000.0,657.0955687050704,167.05551059740816,89.3349639021501
911000.0,657.0955687050704,89.96947003773764,106.54290506474737
912000.0,657.0955687050704,126.88031834652706,256.6387838125231
913000.0,657.0955687050704,137.96823200372614,103.27736353479558
914000.0,657.0955687050704,151.86266112059306,209.41577816439354
915000.0,657.0955687050704,95.03265574801858,178.19825581983127
916000.0,657.0955687050704,138.9819699873371,99.94284545860658
917000.0,657.0955687050704,164.57234647447822,279.7507047958364
918000.0,657.0955687050704,157.39894742437247,193.9204961695694
919000.0,657.0955687050704,144.31225201331273,69.49269593228146
920000.0,657.0955687050704,147.35966719312017,271.3978212823011
921000.0,657.0955687050704,122.62735021630257,187.49609202899597
922000.0,657.0955687050704,147.29324397103744,90.01384537976655
923000.0,657.0955687050704,169.31093018532482,97.64794416235505
924000.0,657.0955687050704,166.11359786498014,193.84095702511988
925000.0,657.0955687050704,179.95330583812114,187.959907004381
926000.0,657.0955687050704,135.91160618126202,193.3091667709038
927000.0,657.0955687050704,101.14336539730634,85.91950833560352
928000.0,657.0955687050704,146.15194016956912,197.53749000616912
929000.0,657.0955687050704,163.06191039218783,79.03106115079308
930000.0,657.0955687050704,104.01999067460129,115.37844417883657
931000.0,657.0955687050704,146.1271548444852,317.5619711621554
932000.0,657.0955687050704,137.00845679788168,109.43739240409698
933000.0,657.0955687050704,100.27870759992409,269.1766340938365
934000.0,657.0955687050704,140.9874007065542,287.53164740663107
935000.0,657.0955687050704,183.82098947267576,140.89272242469397
936000.0,657.0955687050704,237.9310557344084,233.02569781874936
937000.0,657.0955687050704,257.58479691340176,341.62284047373555
938000.0,657.0955687050704,107.1101843207161,207.5657956522495
939000.0,657.0955687050704,105.08484347803069,114.1716135568792
940000.0,657.0955687050704,95.59725501714698,183.21541633927632
941000.0,657.0955687050704,94.72084487609303,178.12169439137523
942000.0,657.0955687050704,102.33208562692438,191.74186707666723
943000.0,657.0955687050704,102.83626452749668,202.77036727073352
944000.0,657.0955687050704,106.75988802267867,67.56905785447857
945000.0,657.0955687050704,129.30892280374132,74.55714080452245
946000.0,657.0955687050704,119.21926473675921,216.4103939112017
947000.0,657.0955687050704,139.86924201744498,181.09558549181273
948000.0,657.0955687050704,161.27250349402303,103.93023295316846
949000.0,657.0955687050704,134.15477404937755,88.86804964930346
950000.0,657.0955687050704,124.05922696068009,172.91932480709752
951000.0,657.0955687050704,153.34788476113494,113.84023513412902
952000.0,657.0955687050704,169.63767540489556,170.56683864437326
953000.0,657.0955687050704,112.08643552207316,215.89088958642856
954000.0,657.0955687050704,95.61474682140076,177.53817685659837
955000.0,657.0955687050704,123.97070744728305,177.13367929810846
956000.0,657.0955687050704,147.45184726383286,299.9840518257625
957000.0,657.0955687050704,100.19636517093548,91.1267630157208
958000.0,657.0955687050704,116.94835900817766,133.8853679802358
959000.0,657.0955687050704,101.00690270581357,168.3291013196388
960000.0,657.0955687050704,94.2334939377125,92.20739638357396
961000.0,657.0955687050704,119.10469557748702,84.30317069354679
962000.0,657.0955687050704,129.24706838085783,184.31416227779576
963000.0,657.0955687050704,135.10215260981482,103.4288332454112
964000.0,657.0955687050704,99.44473857282674,194.34373965682292
965000.0,657.0955687050704,144.94522251605565,65.9567420294223
966000.0,657.0955687050704,139.18590311281952,100.59632154794966
967000.0,657.0955687050704,181.77496697078138,128.33855573462375
968000.0,657.0955687050704,180.64101031798484,92.79832743556321
969000.0,657.0955687050704,146.5338050266709,229.2316824638187
970000.0,657.0955687050704,195.4823400153971,91.79278114534536
971000.0,657.0955687050704,148.37560470925413,83.07049207488015
972000.0,657.0955687050704,98.01989955798798,81.63381977855953
973000.0,657.0955687050704,117.30889435595398,62.042980107283256
974000.0,657.0955687050704,146.71715070070454,78.40204136145736
975000.0,657.0955687050704,157.65967134252804,164.25982656404042
976000.0,657.0955687050704,109.16400209645072,99.40562017099654
977000.0,663.8785150803428,164.92530570567624,64.50803180691375
978000.0,663.8785150803428,160.9361601930153,175.82659656706193
979000.0,663.8785150803428,159.5729601058779,103.77831144884642
980000.0,663.8785150803428,114.01289943265667,153.83589519997358
981000.0,663.8785150803428,104.39705632308862,77.02174390520906
982000.0,663.8785150803428,107.10727599609834,113.92794352076835
983000.0,663.8785150803428,97.8773705031941,123.07532067930595
984000.0,663.8785150803428,88.3217116383149,152.61423946401575
985000.0,663.8785150803428,119.20224989002949,201.71280669708955
986000.0,663.8785150803428,154.01643928937906,208.4194307058803
987000.0,663.8785150803428,113.24005661208462,107.78186077995186
988000.0,663.8785150803428,109.09987438234457,111.29180291557236
989000.0,663.8785150803428,109.05354094712587,104.00340277805749
990000.0,663.8785150803428,107.52914135412678,319.7586285667018
991000.0,663.8785150803428,88.06788421876452,98.90131708649167
992000.0,663.8785150803428,90.25718406123951,87.97622475070679
993000.0,663.8785150803428,105.21633355518819,161.90024715340877
994000.0,663.8785150803428,113.50426225700225,110.3152449436119
995000.0,663.8785150803428,123.24586441551942,103.99960338030412
996000.0,663.8785150803428,102.31132319334618,175.7301230950637
997000.0,663.8785150803428,109.16500187003142,180.19288875520772
998000.0,663.8785150803428,113.01412552038092,108.33232236036167
999000.0,663.8785150803428,117.30870599356028,132.2119614456911
1000000.0,663.8785150803428,108.15747451570337,105.11277870493022
